Elements of Destruction,800,6/18/08
Sea Life Safari,800,6/18/08
Wolf of Battlefield: Commando 3,800,6/11/08
Frogger 2,800,6/11/08
Roogoo,800,6/4/08
Aces of the Galaxy,800,6/4/08
Warlords,400,5/28/08
Buku Sudoku,800,5/28/08
Penny Arcade Episode 1,1600,5/21/08
Assault Heroes 2,800,5/14/08
Wits & Wagers,800,5/7/08
Lost Cities,800,4/23/08
Rocky and Bullwinkle,800,4/16/08
Battlezone,400,4/16/08
Ikaruga,800,4/9/08
Mr. Driller Online,800,4/2/08
TiQal,800,3/26/08
Content Brain Challenge,800,3/12/08
Bliss Island,400,3/12/08
Rocketmen: Axis of Evil,800,3/5/08
Triggerheart Exelica,800,2/27/08
N+,800,2/20/08
Discs of Tron,400,2/13/08
Poker Smash,800,2/6/08
Rez HD,800,1/30/08
Chessmaster Live,800,1/30/08
Boogie Bunnies,800,1/16/08
Omega Five,800,1/9/08
Tron,400,1/9/08
Metal Slug 3,800,1/2/08
SpongeBob SquarePants Underpants Slam!,800,12/26/07
Sensible World of Soccer,800,12/19/07
TEMPEST,400,12/19/07
GripShift,800,12/12/07
Arkadian Warriors,800,12/12/07
LIVE UPDATE,,12/4/07
Atari Asteroids/Asteroids Deluxe,400,11/28/07
Undertow,800,11/21/07
Screwjumper!,800,11/14/07
Shrek-n-Roll,800,11/14/07
Switchball,800,11/7/07
Word Puzzle,800,11/7/07
Mutant Storm Empire,800,10/31/07
Battlestar Galactica,800,10/24/07
EXIT,800,10/24/07
Lumines Live,800,10/17/07
Spaceball 2: Brutal Deluxe,800,10/17/07
Every Extended Extra Extreme,800,10/17/07
Puzzle Quest: Challenge of the Warlords,1200,10/10/07
Yaris,0,10/10/07
Tetris Splash,800,10/3/07
Geon: Emotions,800,9/19/07
Sonic the Hedgehog 2,400,9/12/07
Cyberball 2072,400,9/5/07
FATAL FURY SPECIAL,400,9/5/07
Small Arms,400,9/2/07
Zuma Deluxe,400,9/2/07
Gauntlet,200,9/2/07
Dig Dug,200,9/2/07
Puzzle Fighter HD,800,8/29/07
Streets of Rage 2,400,8/29/07
Space Giraffe,400,8/22/07
Street Trace:NYC,800,8/22/07
Track and Field,400,8/6/07
Marathon: Durandal,800,8/1/07
Spyglass Boardgames,400,8/1/07
Wing Commander Arena,800,7/25/07
Supra Contra,400,7/25/07
Bomberman Live,800,7/18/07
Yie Ar Kung-Fu,400,7/18/07
Golden Axe,400,7/11/07
Sonic the Hedgehog,400,7/11/07
MISSILE COMMAND,400,7/4/07
Carcassonne,800,6/27/07
Band of Bugs,800,6/20/07
Prince of Persia Classic,800,6/13/07
PAC-MAN Championship Edition,800,6/6/07
Mad Tracks,800,5/30/07
Xevious,400,5/23/07
Rush'n Attack,400,5/23/07
Soltrio Solitaire,800,5/16/07
Aegis Wing,0,5/16/07
Double Dragon,400,5/9/07
Catan,800,5/2/07
Centipede & Millipede,400,5/2/07
Eets: Chowdown,800,4/25/07
Pinball FX,800,4/25/07
GYRUSS,400,4/18/07
3D Ultra Minigolf Adventures,800,4/18/07
Boom Boom Rocket,800,4/11/07
Luxor 2,800,4/4/07
Jetpac: Refueled,400,3/28/07
Castlevania: Symphony of the Night,800,3/21/07
Teenage Mutant Ninja Turtles,400,3/14/07
Worms,800,3/7/07
Alien Hominid HD,800,2/28/07
PaperBoy,400,2/14/07
Root Beer Tapper,400,2/7/07
Heavy Weapon,800,1/17/07
Ms. Pacman,400,1/9/07
New Rally-X,400,12/27/06
Novadrome,800,12/20/06
Assault Heroes,800,12/13/06
RoboBlitz,1200,12/6/06
Small Arms,800,11/22/06
Defender,400,11/15/06
Contra,400,11/8/06
Ultimate Mortal Kombat 3,800,10/21/06
Dig Dug,400,10/11/06
TotemBall,0,10/4/06
Scramble,400,9/13/06
Time Pilot,400,8/30/06
Texas Hold 'Em,0,8/23/06
Pac-man,400,8/9/06
Street Fighter II,800,8/2/06
Galaga,400,7/26/06
Cloning Clyde,800,7/19/06
Galaga Legions,800,8/20/08
Bionic Commando: Rearmed,800,8/13/08
Braid,1200,8/6/08
Geometry Wars: Retro Evolved 2,800,7/30/08
Go! Go! Break Study,800,7/23/08
1942: Joint Strike,800,7/23/08
EA SPORTS Fantasy Football Live Draft Tracker,400,7/16/08
Coffeetime Crosswords,800,7/16/08
Schizoid,800,7/9/08
Golf: Tee It Up!,800,7/9/08
SOULCALIBUR,800,7/2/08
Ticket to Ride,800,6/25/08
Happy Tree Friends False Alarm,800,6/25/08